<?xml version="1.0" encoding="UTF-8"?>
<project-private xmlns="http://www.netbeans.org/ns/project-private/1">
    <editor-bookmarks xmlns="http://www.netbeans.org/ns/editor-bookmarks/2" lastBookmarkId="0"/>
    <open-files xmlns="http://www.netbeans.org/ns/projectui-open-files/2">
        <group>
            <file>file:/mnt/b2c7efbf-ef52-437d-8ca7-e46ea581cbba/Me/Kuliah/UAS/src/uas/pembayaran.java</file>
            <file>file:/mnt/b2c7efbf-ef52-437d-8ca7-e46ea581cbba/Me/Kuliah/UAS/src/uas/transaksi.java</file>
            <file>file:/mnt/b2c7efbf-ef52-437d-8ca7-e46ea581cbba/Me/Kuliah/UAS/src/uas/auth.java</file>
            <file>file:/mnt/b2c7efbf-ef52-437d-8ca7-e46ea581cbba/Me/Kuliah/UAS/src/uas/LogP.java</file>
            <file>file:/mnt/b2c7efbf-ef52-437d-8ca7-e46ea581cbba/Me/Kuliah/UAS/src/uas/main.java</file>
            <file>file:/mnt/b2c7efbf-ef52-437d-8ca7-e46ea581cbba/Me/Kuliah/UAS/src/uas/nonauth.java</file>
            <file>file:/mnt/b2c7efbf-ef52-437d-8ca7-e46ea581cbba/Me/Kuliah/UAS/src/uas/tagihan.java</file>
        </group>
    </open-files>
</project-private>
